[{"province": "\uc11c\uc6b8\u318d\uc778\ucc9c\u318d\uacbd\uae30\ub3c4", "city": "\uc11c\uc6b8", "datas": [{"mode": "A02", "tmEf": "2025-02-10 00:00", "wf": "\ub9d1\uc74c", "tmn": "-8", "tmx": "2"}, {"mode": "A02", "tmEf": "2025-02-10 12:00", "wf": "\ub9d1\uc74c", "tmn": "-8", "tmx": "2"}, {"mode": "A02", "tmEf": "2025-02-11 00:00", "wf": "\ub9d1\uc74c", "tmn": "-5", "tmx": "6"}, {"mode": "A02", "tmEf": "2025-02-11 12:00", "wf": "\ud750\ub9bc", "tmn": "-5", "tmx": "6"}, {"mode": "A02", "tmEf": "2025-02-12 00:00", "wf": "\ud750\ub9ac\uace0 \ube44/\ub208", "tmn": "1", "tmx": "6"}, {"mode": "A02", "tmEf": "2025-02-12 12:00", "wf": "\ud750\ub9bc", "tmn": "1", "tmx": "6"}, {"mode": "A02", "tmEf": "2025-02-13 00:00", "wf": "\ub9d1\uc74c", "tmn": "-3", "tmx": "5"}, {"mode": "A02", "tmEf": "2025-02-13 12:00", "wf": "\ub9d1\uc74c", "tmn": "-3", "tmx": "5"}, {"mode": "A01", "tmEf": "2025-02-14 00:00", "wf": "\ub9d1\uc74c", "tmn": "-2", "tmx": "5"}, {"mode": "A01", "tmEf": "2025-02-15 00:00", "wf": "\ub9d1\uc74c", "tmn": "-2", "tmx": "5"}, {"mode": "A01", "tmEf": "2025-02-16 00:00", "wf": "\ub9d1\uc74c", "tmn": "-2", "tmx": "6"}]}, {"province": "\uc11c\uc6b8\u318d\uc778\ucc9c\u318d\uacbd\uae30\ub3c4", "city": "\uc778\ucc9c", "datas": [{"mode": "A02", "tmEf": "2025-02-10 00:00", "wf": "\ub9d1\uc74c", "tmn": "-7", "tmx": "1"}, {"mode": "A02", "tmEf": "2025-02-10 12:00", "wf": "\ub9d1\uc74c", "tmn": "-7", "tmx": "1"}, {"mode": "A02", "tmEf": "2025-02-11 00:00", "wf": "\ub9d1\uc74c", "tmn": "-3", "tmx": "6"}, {"mode": "A02", "tmEf": "2025-02-11 12:00", "wf": "\ud750\ub9bc", "tmn": "-3", "tmx": "6"}, {"mode": "A02", "tmEf": "2025-02-12 00:00", "wf": "\ud750\ub9ac\uace0 \ube44/\ub208", "tmn": "1", "tmx": "5"}, {"mode": "A02", "tmEf": "2025-02-12 12:00", "wf": "\ud750\ub9bc", "tmn": "1", "tmx": "5"}, {"mode": "A02", "tmEf": "2025-02-13 00:00", "wf": "\ub9d1\uc74c", "tmn": "-3", "tmx": "4"}, {"mode": "A02", "tmEf": "2025-02-13 12:00", "wf": "\ub9d1\uc74c", "tmn": "-3", "tmx": "4"}, {"mode": "A01", "tmEf": "2025-02-14 00:00", "wf": "\ub9d1\uc74c", "tmn": "-1", "tmx": "4"}, {"mode": "A01", "tmEf": "2025-02-15 00:00", "wf": "\ub9d1\uc74c", "tmn": "-1", "tmx": "4"}, {"mode": "A01", "tmEf": "2025-02-16 00:00", "wf": "\ub9d1\uc74c", "tmn": "-2", "tmx": "5"}]}, {"province": "\uc11c\uc6b8\u318d\uc778\ucc9c\u318d\uacbd\uae30\ub3c4", "city": "\uc218\uc6d0", "datas": [{"mode": "A02", "tmEf": "2025-02-10 00:00", "wf": "\ub9d1\uc74c", "tmn": "-9", "tmx": "2"}, {"mode": "A02", "tmEf": "2025-02-10 12:00", "wf": "\ub9d1\uc74c", "tmn": "-9", "tmx": "2"}, {"mode": "A02", "tmEf": "2025-02-11 00:00", "wf": "\ub9d1\uc74c", "tmn": "-5", "tmx": "7"}, {"mode": "A02", "tmEf": "2025-02-11 12:00", "wf": "\ud750\ub9bc", "tmn": "-5", "tmx": "7"}, {"mode": "A02", "tmEf": "2025-02-12 00:00", "wf": "\ud750\ub9ac\uace0 \ube44/\ub208", "tmn": "1", "tmx": "6"}, {"mode": "A02", "tmEf": "2025-02-12 12:00", "wf": "\ud750\ub9bc", "tmn": "1", "tmx": "6"}, {"mode": "A02", "tmEf": "2025-02-13 00:00", "wf": "\ub9d1\uc74c", "tmn": "-4", "tmx": "5"}, {"mode": "A02", "tmEf": "2025-02-13 12:00", "wf": "\ub9d1\uc74c", "tmn": "-4", "tmx": "5"}, {"mode": "A01", "tmEf": "2025-02-14 00:00", "wf": "\ub9d1\uc74c", "tmn": "-2", "tmx": "7"}, {"mode": "A01", "tmEf": "2025-02-15 00:00", "wf": "\ub9d1\uc74c", "tmn": "-2", "tmx": "7"}, {"mode": "A01", "tmEf": "2025-02-16 00:00", "wf": "\ub9d1\uc74c", "tmn": "-3", "tmx": "6"}]}, {"province": "\uc11c\uc6b8\u318d\uc778\ucc9c\u318d\uacbd\uae30\ub3c4", "city": "\ud30c\uc8fc", "datas": [{"mode": "A02", "tmEf": "2025-02-10 00:00", "wf": "\ub9d1\uc74c", "tmn": "-12", "tmx": "1"}, {"mode": "A02", "tmEf": "2025-02-10 12:00", "wf": "\ub9d1\uc74c", "tmn": "-12", "tmx": "1"}, {"mode": "A02", "tmEf": "2025-02-11 00:00", "wf": "\ub9d1\uc74c", "tmn": "-9", "tmx": "6"}, {"mode": "A02", "tmEf": "2025-02-11 12:00", "wf": "\ud750\ub9bc", "tmn": "-9", "tmx": "6"}, {"mode": "A02", "tmEf": "2025-02-12 00:00", "wf": "\ud750\ub9ac\uace0 \ube44/\ub208", "tmn": "-1", "tmx": "6"}, {"mode": "A02", "tmEf": "2025-02-12 12:00", "wf": "\ud750\ub9bc", "tmn": "-1", "tmx": "6"}, {"mode": "A02", "tmEf": "2025-02-13 00:00", "wf": "\ub9d1\uc74c", "tmn": "-7", "tmx": "5"}, {"mode": "A02", "tmEf": "2025-02-13 12:00", "wf": "\ub9d1\uc74c", "tmn": "-7", "tmx": "5"}, {"mode": "A01", "tmEf": "2025-02-14 00:00", "wf": "\ub9d1\uc74c", "tmn": "-6", "tmx": "6"}, {"mode": "A01", "tmEf": "2025-02-15 00:00", "wf": "\ub9d1\uc74c", "tmn": "-6", "tmx": "6"}, {"mode": "A01", "tmEf": "2025-02-16 00:00", "wf": "\ub9d1\uc74c", "tmn": "-5", "tmx": "6"}]}, {"province": "\uc11c\uc6b8\u318d\uc778\ucc9c\u318d\uacbd\uae30\ub3c4", "city": "\uc774\ucc9c", "datas": [{"mode": "A02", "tmEf": "2025-02-10 00:00", "wf": "\ub9d1\uc74c", "tmn": "-11", "tmx": "2"}, {"mode": "A02", "tmEf": "2025-02-10 12:00", "wf": "\ub9d1\uc74c", "tmn": "-11", "tmx": "2"}, {"mode": "A02", "tmEf": "2025-02-11 00:00", "wf": "\ub9d1\uc74c", "tmn": "-9", "tmx": "6"}, {"mode": "A02", "tmEf": "2025-02-11 12:00", "wf": "\ud750\ub9bc", "tmn": "-9", "tmx": "6"}, {"mode": "A02", "tmEf": "2025-02-12 00:00", "wf": "\ud750\ub9ac\uace0 \ube44/\ub208", "tmn": "-1", "tmx": "7"}, {"mode": "A02", "tmEf": "2025-02-12 12:00", "wf": "\ud750\ub9bc", "tmn": "-1", "tmx": "7"}, {"mode": "A02", "tmEf": "2025-02-13 00:00", "wf": "\ub9d1\uc74c", "tmn": "-5", "tmx": "5"}, {"mode": "A02", "tmEf": "2025-02-13 12:00", "wf": "\ub9d1\uc74c", "tmn": "-5", "tmx": "5"}, {"mode": "A01", "tmEf": "2025-02-14 00:00", "wf": "\ub9d1\uc74c", "tmn": "-4", "tmx": "7"}, {"mode": "A01", "tmEf": "2025-02-15 00:00", "wf": "\ub9d1\uc74c", "tmn": "-4", "tmx": "7"}, {"mode": "A01", "tmEf": "2025-02-16 00:00", "wf": "\ub9d1\uc74c", "tmn": "-5", "tmx": "6"}]}, {"province": "\uc11c\uc6b8\u318d\uc778\ucc9c\u318d\uacbd\uae30\ub3c4", "city": "\ud3c9\ud0dd", "datas": [{"mode": "A02", "tmEf": "2025-02-10 00:00", "wf": "\ub9d1\uc74c", "tmn": "-10", "tmx": "3"}, {"mode": "A02", "tmEf": "2025-02-10 12:00", "wf": "\ub9d1\uc74c", "tmn": "-10", "tmx": "3"}, {"mode": "A02", "tmEf": "2025-02-11 00:00", "wf": "\ub9d1\uc74c", "tmn": "-7", "tmx": "8"}, {"mode": "A02", "tmEf": "2025-02-11 12:00", "wf": "\ud750\ub9bc", "tmn": "-7", "tmx": "8"}, {"mode": "A02", "tmEf": "2025-02-12 00:00", "wf": "\ud750\ub9ac\uace0 \ube44/\ub208", "tmn": "2", "tmx": "7"}, {"mode": "A02", "tmEf": "2025-02-12 12:00", "wf": "\ud750\ub9bc", "tmn": "2", "tmx": "7"}, {"mode": "A02", "tmEf": "2025-02-13 00:00", "wf": "\ub9d1\uc74c", "tmn": "-4", "tmx": "6"}, {"mode": "A02", "tmEf": "2025-02-13 12:00", "wf": "\ub9d1\uc74c", "tmn": "-4", "tmx": "6"}, {"mode": "A01", "tmEf": "2025-02-14 00:00", "wf": "\ub9d1\uc74c", "tmn": "-2", "tmx": "8"}, {"mode": "A01", "tmEf": "2025-02-15 00:00", "wf": "\ub9d1\uc74c", "tmn": "-2", "tmx": "8"}, {"mode": "A01", "tmEf": "2025-02-16 00:00", "wf": "\ub9d1\uc74c", "tmn": "-2", "tmx": "7"}]}, {"province": "\uac15\uc6d0\ub3c4\uc601\uc11c", "city": "\ucd98\ucc9c", "datas": [{"mode": "A02", "tmEf": "2025-02-10 00:00", "wf": "\ub9d1\uc74c", "tmn": "-14", "tmx": "1"}, {"mode": "A02", "tmEf": "2025-02-10 12:00", "wf": "\ub9d1\uc74c", "tmn": "-14", "tmx": "1"}, {"mode": "A02", "tmEf": "2025-02-11 00:00", "wf": "\ub9d1\uc74c", "tmn": "-12", "tmx": "5"}, {"mode": "A02", "tmEf": "2025-02-11 12:00", "wf": "\ud750\ub9bc", "tmn": "-12", "tmx": "5"}, {"mode": "A02", "tmEf": "2025-02-12 00:00", "wf": "\ud750\ub9ac\uace0 \ube44/\ub208", "tmn": "-2", "tmx": "6"}, {"mode": "A02", "tmEf": "2025-02-12 12:00", "wf": "\ud750\ub9bc", "tmn": "-2", "tmx": "6"}, {"mode": "A02", "tmEf": "2025-02-13 00:00", "wf": "\ub9d1\uc74c", "tmn": "-6", "tmx": "4"}, {"mode": "A02", "tmEf": "2025-02-13 12:00", "wf": "\ub9d1\uc74c", "tmn": "-6", "tmx": "4"}, {"mode": "A01", "tmEf": "2025-02-14 00:00", "wf": "\ub9d1\uc74c", "tmn": "-6", "tmx": "5"}, {"mode": "A01", "tmEf": "2025-02-15 00:00", "wf": "\ub9d1\uc74c", "tmn": "-6", "tmx": "5"}, {"mode": "A01", "tmEf": "2025-02-16 00:00", "wf": "\ub9d1\uc74c", "tmn": "-5", "tmx": "6"}]}, {"province": "\uac15\uc6d0\ub3c4\uc601\uc11c", "city": "\uc6d0\uc8fc", "datas": [{"mode": "A02", "tmEf": "2025-02-10 00:00", "wf": "\ub9d1\uc74c", "tmn": "-11", "tmx": "0"}, {"mode": "A02", "tmEf": "2025-02-10 12:00", "wf": "\ub9d1\uc74c", "tmn": "-11", "tmx": "0"}, {"mode": "A02", "tmEf": "2025-02-11 00:00", "wf": "\ub9d1\uc74c", "tmn": "-8", "tmx": "6"}, {"mode": "A02", "tmEf": "2025-02-11 12:00", "wf": "\ud750\ub9bc", "tmn": "-8", "tmx": "6"}, {"mode": "A02", "tmEf": "2025-02-12 00:00", "wf": "\ud750\ub9ac\uace0 \ube44/\ub208", "tmn": "0", "tmx": "6"}, {"mode": "A02", "tmEf": "2025-02-12 12:00", "wf": "\ud750\ub9bc", "tmn": "0", "tmx": "6"}, {"mode": "A02", "tmEf": "2025-02-13 00:00", "wf": "\ub9d1\uc74c", "tmn": "-5", "tmx": "4"}, {"mode": "A02", "tmEf": "2025-02-13 12:00", "wf": "\ub9d1\uc74c", "tmn": "-5", "tmx": "4"}, {"mode": "A01", "tmEf": "2025-02-14 00:00", "wf": "\ub9d1\uc74c", "tmn": "-4", "tmx": "5"}, {"mode": "A01", "tmEf": "2025-02-15 00:00", "wf": "\ub9d1\uc74c", "tmn": "-4", "tmx": "5"}, {"mode": "A01", "tmEf": "2025-02-16 00:00", "wf": "\ub9d1\uc74c", "tmn": "-4", "tmx": "6"}]}, {"province": "\uac15\uc6d0\ub3c4\uc601\ub3d9", "city": "\uac15\ub989", "datas": [{"mode": "A02", "tmEf": "2025-02-10 00:00", "wf": "\ub9d1\uc74c", "tmn": "-6", "tmx": "5"}, {"mode": "A02", "tmEf": "2025-02-10 12:00", "wf": "\ub9d1\uc74c", "tmn": "-6", "tmx": "5"}, {"mode": "A02", "tmEf": "2025-02-11 00:00", "wf": "\ub9d1\uc74c", "tmn": "-3", "tmx": "8"}, {"mode": "A02", "tmEf": "2025-02-11 12:00", "wf": "\uad6c\ub984\ub9ce\uc74c", "tmn": "-3", "tmx": "8"}, {"mode": "A02", "tmEf": "2025-02-12 00:00", "wf": "\ud750\ub9ac\uace0 \ube44/\ub208", "tmn": "3", "tmx": "9"}, {"mode": "A02", "tmEf": "2025-02-12 12:00", "wf": "\uad6c\ub984\ub9ce\uc74c", "tmn": "3", "tmx": "9"}, {"mode": "A02", "tmEf": "2025-02-13 00:00", "wf": "\ub9d1\uc74c", "tmn": "0", "tmx": "7"}, {"mode": "A02", "tmEf": "2025-02-13 12:00", "wf": "\ub9d1\uc74c", "tmn": "0", "tmx": "7"}, {"mode": "A01", "tmEf": "2025-02-14 00:00", "wf": "\ub9d1\uc74c", "tmn": "1", "tmx": "8"}, {"mode": "A01", "tmEf": "2025-02-15 00:00", "wf": "\ub9d1\uc74c", "tmn": "1", "tmx": "8"}, {"mode": "A01", "tmEf": "2025-02-16 00:00", "wf": "\ub9d1\uc74c", "tmn": "0", "tmx": "8"}]}, {"province": "\ub300\uc804\u318d\uc138\uc885\u318d\ucda9\uccad\ub0a8\ub3c4", "city": "\ub300\uc804", "datas": [{"mode": "A02", "tmEf": "2025-02-10 00:00", "wf": "\ub9d1\uc74c", "tmn": "-7", "tmx": "4"}, {"mode": "A02", "tmEf": "2025-02-10 12:00", "wf": "\ub9d1\uc74c", "tmn": "-7", "tmx": "4"}, {"mode": "A02", "tmEf": "2025-02-11 00:00", "wf": "\ub9d1\uc74c", "tmn": "-5", "tmx": "8"}, {"mode": "A02", "tmEf": "2025-02-11 12:00", "wf": "\ud750\ub9bc", "tmn": "-5", "tmx": "8"}, {"mode": "A02", "tmEf": "2025-02-12 00:00", "wf": "\ud750\ub9ac\uace0 \ube44", "tmn": "1", "tmx": "7"}, {"mode": "A02", "tmEf": "2025-02-12 12:00", "wf": "\ud750\ub9bc", "tmn": "1", "tmx": "7"}, {"mode": "A02", "tmEf": "2025-02-13 00:00", "wf": "\ub9d1\uc74c", "tmn": "-3", "tmx": "6"}, {"mode": "A02", "tmEf": "2025-02-13 12:00", "wf": "\ub9d1\uc74c", "tmn": "-3", "tmx": "6"}, {"mode": "A01", "tmEf": "2025-02-14 00:00", "wf": "\ub9d1\uc74c", "tmn": "-3", "tmx": "7"}, {"mode": "A01", "tmEf": "2025-02-15 00:00", "wf": "\ub9d1\uc74c", "tmn": "-3", "tmx": "7"}, {"mode": "A01", "tmEf": "2025-02-16 00:00", "wf": "\ub9d1\uc74c", "tmn": "-2", "tmx": "7"}]}, {"province": "\ub300\uc804\u318d\uc138\uc885\u318d\ucda9\uccad\ub0a8\ub3c4", "city": "\uc138\uc885", "datas": [{"mode": "A02", "tmEf": "2025-02-10 00:00", "wf": "\ub9d1\uc74c", "tmn": "-8", "tmx": "3"}, {"mode": "A02", "tmEf": "2025-02-10 12:00", "wf": "\ub9d1\uc74c", "tmn": "-8", "tmx": "3"}, {"mode": "A02", "tmEf": "2025-02-11 00:00", "wf": "\ub9d1\uc74c", "tmn": "-6", "tmx": "8"}, {"mode": "A02", "tmEf": "2025-02-11 12:00", "wf": "\ud750\ub9bc", "tmn": "-6", "tmx": "8"}, {"mode": "A02", "tmEf": "2025-02-12 00:00", "wf": "\ud750\ub9ac\uace0 \ube44", "tmn": "0", "tmx": "7"}, {"mode": "A02", "tmEf": "2025-02-12 12:00", "wf": "\ud750\ub9bc", "tmn": "0", "tmx": "7"}, {"mode": "A02", "tmEf": "2025-02-13 00:00", "wf": "\ub9d1\uc74c", "tmn": "-4", "tmx": "5"}, {"mode": "A02", "tmEf": "2025-02-13 12:00", "wf": "\ub9d1\uc74c", "tmn": "-4", "tmx": "5"}, {"mode": "A01", "tmEf": "2025-02-14 00:00", "wf": "\ub9d1\uc74c", "tmn": "-3", "tmx": "6"}, {"mode": "A01", "tmEf": "2025-02-15 00:00", "wf": "\ub9d1\uc74c", "tmn": "-3", "tmx": "6"}, {"mode": "A01", "tmEf": "2025-02-16 00:00", "wf": "\ub9d1\uc74c", "tmn": "-2", "tmx": "6"}]}, {"province": "\ub300\uc804\u318d\uc138\uc885\u318d\ucda9\uccad\ub0a8\ub3c4", "city": "\ud64d\uc131", "datas": [{"mode": "A02", "tmEf": "2025-02-10 00:00", "wf": "\ub9d1\uc74c", "tmn": "-7", "tmx": "3"}, {"mode": "A02", "tmEf": "2025-02-10 12:00", "wf": "\ub9d1\uc74c", "tmn": "-7", "tmx": "3"}, {"mode": "A02", "tmEf": "2025-02-11 00:00", "wf": "\ub9d1\uc74c", "tmn": "-5", "tmx": "7"}, {"mode": "A02", "tmEf": "2025-02-11 12:00", "wf": "\ud750\ub9bc", "tmn": "-5", "tmx": "7"}, {"mode": "A02", "tmEf": "2025-02-12 00:00", "wf": "\ud750\ub9ac\uace0 \ube44", "tmn": "0", "tmx": "7"}, {"mode": "A02", "tmEf": "2025-02-12 12:00", "wf": "\ud750\ub9bc", "tmn": "0", "tmx": "7"}, {"mode": "A02", "tmEf": "2025-02-13 00:00", "wf": "\ub9d1\uc74c", "tmn": "-4", "tmx": "5"}, {"mode": "A02", "tmEf": "2025-02-13 12:00", "wf": "\ub9d1\uc74c", "tmn": "-4", "tmx": "5"}, {"mode": "A01", "tmEf": "2025-02-14 00:00", "wf": "\ub9d1\uc74c", "tmn": "-3", "tmx": "6"}, {"mode": "A01", "tmEf": "2025-02-15 00:00", "wf": "\ub9d1\uc74c", "tmn": "-3", "tmx": "6"}, {"mode": "A01", "tmEf": "2025-02-16 00:00", "wf": "\ub9d1\uc74c", "tmn": "-2", "tmx": "6"}]}, {"province": "\ucda9\uccad\ubd81\ub3c4", "city": "\uccad\uc8fc", "datas": [{"mode": "A02", "tmEf": "2025-02-10 00:00", "wf": "\ub9d1\uc74c", "tmn": "-7", "tmx": "3"}, {"mode": "A02", "tmEf": "2025-02-10 12:00", "wf": "\ub9d1\uc74c", "tmn": "-7", "tmx": "3"}, {"mode": "A02", "tmEf": "2025-02-11 00:00", "wf": "\ub9d1\uc74c", "tmn": "-5", "tmx": "8"}, {"mode": "A02", "tmEf": "2025-02-11 12:00", "wf": "\ud750\ub9bc", "tmn": "-5", "tmx": "8"}, {"mode": "A02", "tmEf": "2025-02-12 00:00", "wf": "\ud750\ub9ac\uace0 \ube44/\ub208", "tmn": "2", "tmx": "8"}, {"mode": "A02", "tmEf": "2025-02-12 12:00", "wf": "\ud750\ub9bc", "tmn": "2", "tmx": "8"}, {"mode": "A02", "tmEf": "2025-02-13 00:00", "wf": "\ub9d1\uc74c", "tmn": "-3", "tmx": "6"}, {"mode": "A02", "tmEf": "2025-02-13 12:00", "wf": "\ub9d1\uc74c", "tmn": "-3", "tmx": "6"}, {"mode": "A01", "tmEf": "2025-02-14 00:00", "wf": "\ub9d1\uc74c", "tmn": "-2", "tmx": "7"}, {"mode": "A01", "tmEf": "2025-02-15 00:00", "wf": "\ub9d1\uc74c", "tmn": "-2", "tmx": "7"}, {"mode": "A01", "tmEf": "2025-02-16 00:00", "wf": "\ub9d1\uc74c", "tmn": "-2", "tmx": "7"}]}, {"province": "\ucda9\uccad\ubd81\ub3c4", "city": "\ucda9\uc8fc", "datas": [{"mode": "A02", "tmEf": "2025-02-10 00:00", "wf": "\ub9d1\uc74c", "tmn": "-12", "tmx": "1"}, {"mode": "A02", "tmEf": "2025-02-10 12:00", "wf": "\ub9d1\uc74c", "tmn": "-12", "tmx": "1"}, {"mode": "A02", "tmEf": "2025-02-11 00:00", "wf": "\ub9d1\uc74c", "tmn": "-10", "tmx": "6"}, {"mode": "A02", "tmEf": "2025-02-11 12:00", "wf": "\ud750\ub9bc", "tmn": "-10", "tmx": "6"}, {"mode": "A02", "tmEf": "2025-02-12 00:00", "wf": "\ud750\ub9ac\uace0 \ube44/\ub208", "tmn": "0", "tmx": "7"}, {"mode": "A02", "tmEf": "2025-02-12 12:00", "wf": "\ud750\ub9bc", "tmn": "0", "tmx": "7"}, {"mode": "A02", "tmEf": "2025-02-13 00:00", "wf": "\ub9d1\uc74c", "tmn": "-5", "tmx": "5"}, {"mode": "A02", "tmEf": "2025-02-13 12:00", "wf": "\ub9d1\uc74c", "tmn": "-5", "tmx": "5"}, {"mode": "A01", "tmEf": "2025-02-14 00:00", "wf": "\ub9d1\uc74c", "tmn": "-4", "tmx": "7"}, {"mode": "A01", "tmEf": "2025-02-15 00:00", "wf": "\ub9d1\uc74c", "tmn": "-4", "tmx": "7"}, {"mode": "A01", "tmEf": "2025-02-16 00:00", "wf": "\ub9d1\uc74c", "tmn": "-4", "tmx": "7"}]}, {"province": "\ucda9\uccad\ubd81\ub3c4", "city": "\uc601\ub3d9", "datas": [{"mode": "A02", "tmEf": "2025-02-10 00:00", "wf": "\ub9d1\uc74c", "tmn": "-10", "tmx": "2"}, {"mode": "A02", "tmEf": "2025-02-10 12:00", "wf": "\ub9d1\uc74c", "tmn": "-10", "tmx": "2"}, {"mode": "A02", "tmEf": "2025-02-11 00:00", "wf": "\ub9d1\uc74c", "tmn": "-9", "tmx": "7"}, {"mode": "A02", "tmEf": "2025-02-11 12:00", "wf": "\ud750\ub9bc", "tmn": "-9", "tmx": "7"}, {"mode": "A02", "tmEf": "2025-02-12 00:00", "wf": "\ud750\ub9ac\uace0 \ube44/\ub208", "tmn": "1", "tmx": "7"}, {"mode": "A02", "tmEf": "2025-02-12 12:00", "wf": "\ud750\ub9bc", "tmn": "1", "tmx": "7"}, {"mode": "A02", "tmEf": "2025-02-13 00:00", "wf": "\ub9d1\uc74c", "tmn": "-6", "tmx": "6"}, {"mode": "A02", "tmEf": "2025-02-13 12:00", "wf": "\ub9d1\uc74c", "tmn": "-6", "tmx": "6"}, {"mode": "A01", "tmEf": "2025-02-14 00:00", "wf": "\ub9d1\uc74c", "tmn": "-3", "tmx": "8"}, {"mode": "A01", "tmEf": "2025-02-15 00:00", "wf": "\ub9d1\uc74c", "tmn": "-3", "tmx": "8"}, {"mode": "A01", "tmEf": "2025-02-16 00:00", "wf": "\ub9d1\uc74c", "tmn": "-3", "tmx": "7"}]}, {"province": "\uad11\uc8fc\u318d\uc804\ub77c\ub0a8\ub3c4", "city": "\uad11\uc8fc", "datas": [{"mode": "A02", "tmEf": "2025-02-10 00:00", "wf": "\uad6c\ub984\ub9ce\uc74c", "tmn": "-4", "tmx": "3"}, {"mode": "A02", "tmEf": "2025-02-10 12:00", "wf": "\ub9d1\uc74c", "tmn": "-4", "tmx": "3"}, {"mode": "A02", "tmEf": "2025-02-11 00:00", "wf": "\uad6c\ub984\ub9ce\uc74c", "tmn": "-4", "tmx": "8"}, {"mode": "A02", "tmEf": "2025-02-11 12:00", "wf": "\ud750\ub9bc", "tmn": "-4", "tmx": "8"}, {"mode": "A02", "tmEf": "2025-02-12 00:00", "wf": "\ud750\ub9ac\uace0 \ube44", "tmn": "3", "tmx": "8"}, {"mode": "A02", "tmEf": "2025-02-12 12:00", "wf": "\ud750\ub9bc", "tmn": "3", "tmx": "8"}, {"mode": "A02", "tmEf": "2025-02-13 00:00", "wf": "\uad6c\ub984\ub9ce\uc74c", "tmn": "-1", "tmx": "6"}, {"mode": "A02", "tmEf": "2025-02-13 12:00", "wf": "\ub9d1\uc74c", "tmn": "-1", "tmx": "6"}, {"mode": "A01", "tmEf": "2025-02-14 00:00", "wf": "\ub9d1\uc74c", "tmn": "-1", "tmx": "8"}, {"mode": "A01", "tmEf": "2025-02-15 00:00", "wf": "\uad6c\ub984\ub9ce\uc74c", "tmn": "-1", "tmx": "8"}, {"mode": "A01", "tmEf": "2025-02-16 00:00", "wf": "\uad6c\ub984\ub9ce\uc74c", "tmn": "-1", "tmx": "8"}]}, {"province": "\uad11\uc8fc\u318d\uc804\ub77c\ub0a8\ub3c4", "city": "\ubaa9\ud3ec", "datas": [{"mode": "A02", "tmEf": "2025-02-10 00:00", "wf": "\uad6c\ub984\ub9ce\uc74c", "tmn": "-2", "tmx": "3"}, {"mode": "A02", "tmEf": "2025-02-10 12:00", "wf": "\ub9d1\uc74c", "tmn": "-2", "tmx": "3"}, {"mode": "A02", "tmEf": "2025-02-11 00:00", "wf": "\uad6c\ub984\ub9ce\uc74c", "tmn": "-3", "tmx": "7"}, {"mode": "A02", "tmEf": "2025-02-11 12:00", "wf": "\ud750\ub9bc", "tmn": "-3", "tmx": "7"}, {"mode": "A02", "tmEf": "2025-02-12 00:00", "wf": "\ud750\ub9ac\uace0 \ube44", "tmn": "5", "tmx": "7"}, {"mode": "A02", "tmEf": "2025-02-12 12:00", "wf": "\ud750\ub9bc", "tmn": "5", "tmx": "7"}, {"mode": "A02", "tmEf": "2025-02-13 00:00", "wf": "\uad6c\ub984\ub9ce\uc74c", "tmn": "0", "tmx": "5"}, {"mode": "A02", "tmEf": "2025-02-13 12:00", "wf": "\ub9d1\uc74c", "tmn": "0", "tmx": "5"}, {"mode": "A01", "tmEf": "2025-02-14 00:00", "wf": "\ub9d1\uc74c", "tmn": "1", "tmx": "7"}, {"mode": "A01", "tmEf": "2025-02-15 00:00", "wf": "\uad6c\ub984\ub9ce\uc74c", "tmn": "1", "tmx": "7"}, {"mode": "A01", "tmEf": "2025-02-16 00:00", "wf": "\uad6c\ub984\ub9ce\uc74c", "tmn": "0", "tmx": "7"}]}, {"province": "\uad11\uc8fc\u318d\uc804\ub77c\ub0a8\ub3c4", "city": "\uc5ec\uc218", "datas": [{"mode": "A02", "tmEf": "2025-02-10 00:00", "wf": "\uad6c\ub984\ub9ce\uc74c", "tmn": "-3", "tmx": "5"}, {"mode": "A02", "tmEf": "2025-02-10 12:00", "wf": "\ub9d1\uc74c", "tmn": "-3", "tmx": "5"}, {"mode": "A02", "tmEf": "2025-02-11 00:00", "wf": "\uad6c\ub984\ub9ce\uc74c", "tmn": "-1", "tmx": "7"}, {"mode": "A02", "tmEf": "2025-02-11 12:00", "wf": "\ud750\ub9bc", "tmn": "-1", "tmx": "7"}, {"mode": "A02", "tmEf": "2025-02-12 00:00", "wf": "\ud750\ub9ac\uace0 \ube44", "tmn": "5", "tmx": "9"}, {"mode": "A02", "tmEf": "2025-02-12 12:00", "wf": "\ud750\ub9bc", "tmn": "5", "tmx": "9"}, {"mode": "A02", "tmEf": "2025-02-13 00:00", "wf": "\uad6c\ub984\ub9ce\uc74c", "tmn": "0", "tmx": "7"}, {"mode": "A02", "tmEf": "2025-02-13 12:00", "wf": "\ub9d1\uc74c", "tmn": "0", "tmx": "7"}, {"mode": "A01", "tmEf": "2025-02-14 00:00", "wf": "\ub9d1\uc74c", "tmn": "1", "tmx": "8"}, {"mode": "A01", "tmEf": "2025-02-15 00:00", "wf": "\uad6c\ub984\ub9ce\uc74c", "tmn": "1", "tmx": "8"}, {"mode": "A01", "tmEf": "2025-02-16 00:00", "wf": "\uad6c\ub984\ub9ce\uc74c", "tmn": "1", "tmx": "7"}]}, {"province": "\uad11\uc8fc\u318d\uc804\ub77c\ub0a8\ub3c4", "city": "\uc21c\ucc9c", "datas": [{"mode": "A02", "tmEf": "2025-02-10 00:00", "wf": "\uad6c\ub984\ub9ce\uc74c", "tmn": "-5", "tmx": "5"}, {"mode": "A02", "tmEf": "2025-02-10 12:00", "wf": "\ub9d1\uc74c", "tmn": "-5", "tmx": "5"}, {"mode": "A02", "tmEf": "2025-02-11 00:00", "wf": "\uad6c\ub984\ub9ce\uc74c", "tmn": "-3", "tmx": "9"}, {"mode": "A02", "tmEf": "2025-02-11 12:00", "wf": "\ud750\ub9bc", "tmn": "-3", "tmx": "9"}, {"mode": "A02", "tmEf": "2025-02-12 00:00", "wf": "\ud750\ub9ac\uace0 \ube44", "tmn": "3", "tmx": "10"}, {"mode": "A02", "tmEf": "2025-02-12 12:00", "wf": "\ud750\ub9bc", "tmn": "3", "tmx": "10"}, {"mode": "A02", "tmEf": "2025-02-13 00:00", "wf": "\uad6c\ub984\ub9ce\uc74c", "tmn": "-2", "tmx": "7"}, {"mode": "A02", "tmEf": "2025-02-13 12:00", "wf": "\ub9d1\uc74c", "tmn": "-2", "tmx": "7"}, {"mode": "A01", "tmEf": "2025-02-14 00:00", "wf": "\ub9d1\uc74c", "tmn": "-1", "tmx": "10"}, {"mode": "A01", "tmEf": "2025-02-15 00:00", "wf": "\uad6c\ub984\ub9ce\uc74c", "tmn": "-1", "tmx": "10"}, {"mode": "A01", "tmEf": "2025-02-16 00:00", "wf": "\uad6c\ub984\ub9ce\uc74c", "tmn": "0", "tmx": "9"}]}, {"province": "\uad11\uc8fc\u318d\uc804\ub77c\ub0a8\ub3c4", "city": "\uad11\uc591", "datas": [{"mode": "A02", "tmEf": "2025-02-10 00:00", "wf": "\uad6c\ub984\ub9ce\uc74c", "tmn": "-4", "tmx": "6"}, {"mode": "A02", "tmEf": "2025-02-10 12:00", "wf": "\ub9d1\uc74c", "tmn": "-4", "tmx": "6"}, {"mode": "A02", "tmEf": "2025-02-11 00:00", "wf": "\uad6c\ub984\ub9ce\uc74c", "tmn": "-3", "tmx": "9"}, {"mode": "A02", "tmEf": "2025-02-11 12:00", "wf": "\ud750\ub9bc", "tmn": "-3", "tmx": "9"}, {"mode": "A02", "tmEf": "2025-02-12 00:00", "wf": "\ud750\ub9ac\uace0 \ube44", "tmn": "3", "tmx": "11"}, {"mode": "A02", "tmEf": "2025-02-12 12:00", "wf": "\ud750\ub9bc", "tmn": "3", "tmx": "11"}, {"mode": "A02", "tmEf": "2025-02-13 00:00", "wf": "\uad6c\ub984\ub9ce\uc74c", "tmn": "-1", "tmx": "8"}, {"mode": "A02", "tmEf": "2025-02-13 12:00", "wf": "\ub9d1\uc74c", "tmn": "-1", "tmx": "8"}, {"mode": "A01", "tmEf": "2025-02-14 00:00", "wf": "\ub9d1\uc74c", "tmn": "-1", "tmx": "10"}, {"mode": "A01", "tmEf": "2025-02-15 00:00", "wf": "\uad6c\ub984\ub9ce\uc74c", "tmn": "-1", "tmx": "10"}, {"mode": "A01", "tmEf": "2025-02-16 00:00", "wf": "\uad6c\ub984\ub9ce\uc74c", "tmn": "0", "tmx": "9"}]}, {"province": "\uad11\uc8fc\u318d\uc804\ub77c\ub0a8\ub3c4", "city": "\ub098\uc8fc", "datas": [{"mode": "A02", "tmEf": "2025-02-10 00:00", "wf": "\uad6c\ub984\ub9ce\uc74c", "tmn": "-6", "tmx": "3"}, {"mode": "A02", "tmEf": "2025-02-10 12:00", "wf": "\ub9d1\uc74c", "tmn": "-6", "tmx": "3"}, {"mode": "A02", "tmEf": "2025-02-11 00:00", "wf": "\uad6c\ub984\ub9ce\uc74c", "tmn": "-6", "tmx": "8"}, {"mode": "A02", "tmEf": "2025-02-11 12:00", "wf": "\ud750\ub9bc", "tmn": "-6", "tmx": "8"}, {"mode": "A02", "tmEf": "2025-02-12 00:00", "wf": "\ud750\ub9ac\uace0 \ube44", "tmn": "4", "tmx": "9"}, {"mode": "A02", "tmEf": "2025-02-12 12:00", "wf": "\ud750\ub9bc", "tmn": "4", "tmx": "9"}, {"mode": "A02", "tmEf": "2025-02-13 00:00", "wf": "\uad6c\ub984\ub9ce\uc74c", "tmn": "-3", "tmx": "7"}, {"mode": "A02", "tmEf": "2025-02-13 12:00", "wf": "\ub9d1\uc74c", "tmn": "-3", "tmx": "7"}, {"mode": "A01", "tmEf": "2025-02-14 00:00", "wf": "\ub9d1\uc74c", "tmn": "-2", "tmx": "9"}, {"mode": "A01", "tmEf": "2025-02-15 00:00", "wf": "\uad6c\ub984\ub9ce\uc74c", "tmn": "-2", "tmx": "9"}, {"mode": "A01", "tmEf": "2025-02-16 00:00", "wf": "\uad6c\ub984\ub9ce\uc74c", "tmn": "-3", "tmx": "8"}]}, {"province": "\uc804\ub77c\ubd81\ub3c4", "city": "\uc804\uc8fc", "datas": [{"mode": "A02", "tmEf": "2025-02-10 00:00", "wf": "\uad6c\ub984\ub9ce\uc74c", "tmn": "-6", "tmx": "2"}, {"mode": "A02", "tmEf": "2025-02-10 12:00", "wf": "\ub9d1\uc74c", "tmn": "-6", "tmx": "2"}, {"mode": "A02", "tmEf": "2025-02-11 00:00", "wf": "\ub9d1\uc74c", "tmn": "-5", "tmx": "7"}, {"mode": "A02", "tmEf": "2025-02-11 12:00", "wf": "\ud750\ub9bc", "tmn": "-5", "tmx": "7"}, {"mode": "A02", "tmEf": "2025-02-12 00:00", "wf": "\ud750\ub9ac\uace0 \ube44", "tmn": "3", "tmx": "7"}, {"mode": "A02", "tmEf": "2025-02-12 12:00", "wf": "\ud750\ub9bc", "tmn": "3", "tmx": "7"}, {"mode": "A02", "tmEf": "2025-02-13 00:00", "wf": "\ub9d1\uc74c", "tmn": "-2", "tmx": "6"}, {"mode": "A02", "tmEf": "2025-02-13 12:00", "wf": "\ub9d1\uc74c", "tmn": "-2", "tmx": "6"}, {"mode": "A01", "tmEf": "2025-02-14 00:00", "wf": "\ub9d1\uc74c", "tmn": "-1", "tmx": "7"}, {"mode": "A01", "tmEf": "2025-02-15 00:00", "wf": "\ub9d1\uc74c", "tmn": "-1", "tmx": "7"}, {"mode": "A01", "tmEf": "2025-02-16 00:00", "wf": "\ub9d1\uc74c", "tmn": "-1", "tmx": "7"}]}, {"province": "\uc804\ub77c\ubd81\ub3c4", "city": "\uad70\uc0b0", "datas": [{"mode": "A02", "tmEf": "2025-02-10 00:00", "wf": "\uad6c\ub984\ub9ce\uc74c", "tmn": "-7", "tmx": "2"}, {"mode": "A02", "tmEf": "2025-02-10 12:00", "wf": "\ub9d1\uc74c", "tmn": "-7", "tmx": "2"}, {"mode": "A02", "tmEf": "2025-02-11 00:00", "wf": "\ub9d1\uc74c", "tmn": "-6", "tmx": "6"}, {"mode": "A02", "tmEf": "2025-02-11 12:00", "wf": "\ud750\ub9bc", "tmn": "-6", "tmx": "6"}, {"mode": "A02", "tmEf": "2025-02-12 00:00", "wf": "\ud750\ub9ac\uace0 \ube44", "tmn": "1", "tmx": "7"}, {"mode": "A02", "tmEf": "2025-02-12 12:00", "wf": "\ud750\ub9bc", "tmn": "1", "tmx": "7"}, {"mode": "A02", "tmEf": "2025-02-13 00:00", "wf": "\ub9d1\uc74c", "tmn": "-3", "tmx": "6"}, {"mode": "A02", "tmEf": "2025-02-13 12:00", "wf": "\ub9d1\uc74c", "tmn": "-3", "tmx": "6"}, {"mode": "A01", "tmEf": "2025-02-14 00:00", "wf": "\ub9d1\uc74c", "tmn": "-3", "tmx": "6"}, {"mode": "A01", "tmEf": "2025-02-15 00:00", "wf": "\ub9d1\uc74c", "tmn": "-3", "tmx": "6"}, {"mode": "A01", "tmEf": "2025-02-16 00:00", "wf": "\ub9d1\uc74c", "tmn": "-2", "tmx": "6"}]}, {"province": "\uc804\ub77c\ubd81\ub3c4", "city": "\uc815\uc74d", "datas": [{"mode": "A02", "tmEf": "2025-02-10 00:00", "wf": "\uad6c\ub984\ub9ce\uc74c", "tmn": "-6", "tmx": "2"}, {"mode": "A02", "tmEf": "2025-02-10 12:00", "wf": "\ub9d1\uc74c", "tmn": "-6", "tmx": "2"}, {"mode": "A02", "tmEf": "2025-02-11 00:00", "wf": "\ub9d1\uc74c", "tmn": "-7", "tmx": "6"}, {"mode": "A02", "tmEf": "2025-02-11 12:00", "wf": "\ud750\ub9bc", "tmn": "-7", "tmx": "6"}, {"mode": "A02", "tmEf": "2025-02-12 00:00", "wf": "\ud750\ub9ac\uace0 \ube44", "tmn": "2", "tmx": "7"}, {"mode": "A02", "tmEf": "2025-02-12 12:00", "wf": "\ud750\ub9bc", "tmn": "2", "tmx": "7"}, {"mode": "A02", "tmEf": "2025-02-13 00:00", "wf": "\ub9d1\uc74c", "tmn": "-3", "tmx": "6"}, {"mode": "A02", "tmEf": "2025-02-13 12:00", "wf": "\ub9d1\uc74c", "tmn": "-3", "tmx": "6"}, {"mode": "A01", "tmEf": "2025-02-14 00:00", "wf": "\ub9d1\uc74c", "tmn": "-2", "tmx": "7"}, {"mode": "A01", "tmEf": "2025-02-15 00:00", "wf": "\ub9d1\uc74c", "tmn": "-2", "tmx": "7"}, {"mode": "A01", "tmEf": "2025-02-16 00:00", "wf": "\ub9d1\uc74c", "tmn": "-2", "tmx": "6"}]}, {"province": "\uc804\ub77c\ubd81\ub3c4", "city": "\ub0a8\uc6d0", "datas": [{"mode": "A02", "tmEf": "2025-02-10 00:00", "wf": "\uad6c\ub984\ub9ce\uc74c", "tmn": "-8", "tmx": "2"}, {"mode": "A02", "tmEf": "2025-02-10 12:00", "wf": "\ub9d1\uc74c", "tmn": "-8", "tmx": "2"}, {"mode": "A02", "tmEf": "2025-02-11 00:00", "wf": "\ub9d1\uc74c", "tmn": "-6", "tmx": "7"}, {"mode": "A02", "tmEf": "2025-02-11 12:00", "wf": "\ud750\ub9bc", "tmn": "-6", "tmx": "7"}, {"mode": "A02", "tmEf": "2025-02-12 00:00", "wf": "\ud750\ub9ac\uace0 \ube44", "tmn": "2", "tmx": "7"}, {"mode": "A02", "tmEf": "2025-02-12 12:00", "wf": "\ud750\ub9bc", "tmn": "2", "tmx": "7"}, {"mode": "A02", "tmEf": "2025-02-13 00:00", "wf": "\ub9d1\uc74c", "tmn": "-3", "tmx": "5"}, {"mode": "A02", "tmEf": "2025-02-13 12:00", "wf": "\ub9d1\uc74c", "tmn": "-3", "tmx": "5"}, {"mode": "A01", "tmEf": "2025-02-14 00:00", "wf": "\ub9d1\uc74c", "tmn": "-2", "tmx": "7"}, {"mode": "A01", "tmEf": "2025-02-15 00:00", "wf": "\ub9d1\uc74c", "tmn": "-2", "tmx": "7"}, {"mode": "A01", "tmEf": "2025-02-16 00:00", "wf": "\ub9d1\uc74c", "tmn": "-2", "tmx": "7"}]}, {"province": "\uc804\ub77c\ubd81\ub3c4", "city": "\uace0\ucc3d", "datas": [{"mode": "A02", "tmEf": "2025-02-10 00:00", "wf": "\uad6c\ub984\ub9ce\uc74c", "tmn": "-6", "tmx": "2"}, {"mode": "A02", "tmEf": "2025-02-10 12:00", "wf": "\ub9d1\uc74c", "tmn": "-6", "tmx": "2"}, {"mode": "A02", "tmEf": "2025-02-11 00:00", "wf": "\ub9d1\uc74c", "tmn": "-7", "tmx": "6"}, {"mode": "A02", "tmEf": "2025-02-11 12:00", "wf": "\ud750\ub9bc", "tmn": "-7", "tmx": "6"}, {"mode": "A02", "tmEf": "2025-02-12 00:00", "wf": "\ud750\ub9ac\uace0 \ube44", "tmn": "1", "tmx": "7"}, {"mode": "A02", "tmEf": "2025-02-12 12:00", "wf": "\ud750\ub9bc", "tmn": "1", "tmx": "7"}, {"mode": "A02", "tmEf": "2025-02-13 00:00", "wf": "\ub9d1\uc74c", "tmn": "-2", "tmx": "5"}, {"mode": "A02", "tmEf": "2025-02-13 12:00", "wf": "\ub9d1\uc74c", "tmn": "-2", "tmx": "5"}, {"mode": "A01", "tmEf": "2025-02-14 00:00", "wf": "\ub9d1\uc74c", "tmn": "-2", "tmx": "6"}, {"mode": "A01", "tmEf": "2025-02-15 00:00", "wf": "\ub9d1\uc74c", "tmn": "-2", "tmx": "6"}, {"mode": "A01", "tmEf": "2025-02-16 00:00", "wf": "\ub9d1\uc74c", "tmn": "-1", "tmx": "7"}]}, {"province": "\uc804\ub77c\ubd81\ub3c4", "city": "\ubb34\uc8fc", "datas": [{"mode": "A02", "tmEf": "2025-02-10 00:00", "wf": "\uad6c\ub984\ub9ce\uc74c", "tmn": "-10", "tmx": "1"}, {"mode": "A02", "tmEf": "2025-02-10 12:00", "wf": "\ub9d1\uc74c", "tmn": "-10", "tmx": "1"}, {"mode": "A02", "tmEf": "2025-02-11 00:00", "wf": "\ub9d1\uc74c", "tmn": "-8", "tmx": "6"}, {"mode": "A02", "tmEf": "2025-02-11 12:00", "wf": "\ud750\ub9bc", "tmn": "-8", "tmx": "6"}, {"mode": "A02", "tmEf": "2025-02-12 00:00", "wf": "\ud750\ub9ac\uace0 \ube44", "tmn": "1", "tmx": "6"}, {"mode": "A02", "tmEf": "2025-02-12 12:00", "wf": "\ud750\ub9bc", "tmn": "1", "tmx": "6"}, {"mode": "A02", "tmEf": "2025-02-13 00:00", "wf": "\ub9d1\uc74c", "tmn": "-5", "tmx": "4"}, {"mode": "A02", "tmEf": "2025-02-13 12:00", "wf": "\ub9d1\uc74c", "tmn": "-5", "tmx": "4"}, {"mode": "A01", "tmEf": "2025-02-14 00:00", "wf": "\ub9d1\uc74c", "tmn": "-2", "tmx": "6"}, {"mode": "A01", "tmEf": "2025-02-15 00:00", "wf": "\ub9d1\uc74c", "tmn": "-2", "tmx": "6"}, {"mode": "A01", "tmEf": "2025-02-16 00:00", "wf": "\ub9d1\uc74c", "tmn": "-2", "tmx": "5"}]}, {"province": "\ubd80\uc0b0\u318d\uc6b8\uc0b0\u318d\uacbd\uc0c1\ub0a8\ub3c4", "city": "\ubd80\uc0b0", "datas": [{"mode": "A02", "tmEf": "2025-02-10 00:00", "wf": "\ub9d1\uc74c", "tmn": "-4", "tmx": "7"}, {"mode": "A02", "tmEf": "2025-02-10 12:00", "wf": "\ub9d1\uc74c", "tmn": "-4", "tmx": "7"}, {"mode": "A02", "tmEf": "2025-02-11 00:00", "wf": "\ub9d1\uc74c", "tmn": "-1", "tmx": "9"}, {"mode": "A02", "tmEf": "2025-02-11 12:00", "wf": "\uad6c\ub984\ub9ce\uc74c", "tmn": "-1", "tmx": "9"}, {"mode": "A02", "tmEf": "2025-02-12 00:00", "wf": "\ud750\ub9ac\uace0 \ube44", "tmn": "6", "tmx": "13"}, {"mode": "A02", "tmEf": "2025-02-12 12:00", "wf": "\ud750\ub9bc", "tmn": "6", "tmx": "13"}, {"mode": "A02", "tmEf": "2025-02-13 00:00", "wf": "\uad6c\ub984\ub9ce\uc74c", "tmn": "1", "tmx": "10"}, {"mode": "A02", "tmEf": "2025-02-13 12:00", "wf": "\ub9d1\uc74c", "tmn": "1", "tmx": "10"}, {"mode": "A01", "tmEf": "2025-02-14 00:00", "wf": "\ub9d1\uc74c", "tmn": "2", "tmx": "10"}, {"mode": "A01", "tmEf": "2025-02-15 00:00", "wf": "\ub9d1\uc74c", "tmn": "2", "tmx": "10"}, {"mode": "A01", "tmEf": "2025-02-16 00:00", "wf": "\ub9d1\uc74c", "tmn": "2", "tmx": "9"}]}, {"province": "\ubd80\uc0b0\u318d\uc6b8\uc0b0\u318d\uacbd\uc0c1\ub0a8\ub3c4", "city": "\uc6b8\uc0b0", "datas": [{"mode": "A02", "tmEf": "2025-02-10 00:00", "wf": "\ub9d1\uc74c", "tmn": "-5", "tmx": "6"}, {"mode": "A02", "tmEf": "2025-02-10 12:00", "wf": "\ub9d1\uc74c", "tmn": "-5", "tmx": "6"}, {"mode": "A02", "tmEf": "2025-02-11 00:00", "wf": "\ub9d1\uc74c", "tmn": "-3", "tmx": "11"}, {"mode": "A02", "tmEf": "2025-02-11 12:00", "wf": "\uad6c\ub984\ub9ce\uc74c", "tmn": "-3", "tmx": "11"}, {"mode": "A02", "tmEf": "2025-02-12 00:00", "wf": "\ud750\ub9ac\uace0 \ube44", "tmn": "4", "tmx": "12"}, {"mode": "A02", "tmEf": "2025-02-12 12:00", "wf": "\ud750\ub9bc", "tmn": "4", "tmx": "12"}, {"mode": "A02", "tmEf": "2025-02-13 00:00", "wf": "\uad6c\ub984\ub9ce\uc74c", "tmn": "0", "tmx": "10"}, {"mode": "A02", "tmEf": "2025-02-13 12:00", "wf": "\ub9d1\uc74c", "tmn": "0", "tmx": "10"}, {"mode": "A01", "tmEf": "2025-02-14 00:00", "wf": "\ub9d1\uc74c", "tmn": "-1", "tmx": "10"}, {"mode": "A01", "tmEf": "2025-02-15 00:00", "wf": "\ub9d1\uc74c", "tmn": "-1", "tmx": "10"}, {"mode": "A01", "tmEf": "2025-02-16 00:00", "wf": "\ub9d1\uc74c", "tmn": "-1", "tmx": "9"}]}, {"province": "\ubd80\uc0b0\u318d\uc6b8\uc0b0\u318d\uacbd\uc0c1\ub0a8\ub3c4", "city": "\ucc3d\uc6d0", "datas": [{"mode": "A02", "tmEf": "2025-02-10 00:00", "wf": "\ub9d1\uc74c", "tmn": "-5", "tmx": "6"}, {"mode": "A02", "tmEf": "2025-02-10 12:00", "wf": "\ub9d1\uc74c", "tmn": "-5", "tmx": "6"}, {"mode": "A02", "tmEf": "2025-02-11 00:00", "wf": "\ub9d1\uc74c", "tmn": "-3", "tmx": "9"}, {"mode": "A02", "tmEf": "2025-02-11 12:00", "wf": "\uad6c\ub984\ub9ce\uc74c", "tmn": "-3", "tmx": "9"}, {"mode": "A02", "tmEf": "2025-02-12 00:00", "wf": "\ud750\ub9ac\uace0 \ube44", "tmn": "4", "tmx": "11"}, {"mode": "A02", "tmEf": "2025-02-12 12:00", "wf": "\ud750\ub9bc", "tmn": "4", "tmx": "11"}, {"mode": "A02", "tmEf": "2025-02-13 00:00", "wf": "\uad6c\ub984\ub9ce\uc74c", "tmn": "0", "tmx": "8"}, {"mode": "A02", "tmEf": "2025-02-13 12:00", "wf": "\ub9d1\uc74c", "tmn": "0", "tmx": "8"}, {"mode": "A01", "tmEf": "2025-02-14 00:00", "wf": "\ub9d1\uc74c", "tmn": "0", "tmx": "10"}, {"mode": "A01", "tmEf": "2025-02-15 00:00", "wf": "\ub9d1\uc74c", "tmn": "0", "tmx": "10"}, {"mode": "A01", "tmEf": "2025-02-16 00:00", "wf": "\ub9d1\uc74c", "tmn": "0", "tmx": "9"}]}, {"province": "\ubd80\uc0b0\u318d\uc6b8\uc0b0\u318d\uacbd\uc0c1\ub0a8\ub3c4", "city": "\uc9c4\uc8fc", "datas": [{"mode": "A02", "tmEf": "2025-02-10 00:00", "wf": "\ub9d1\uc74c", "tmn": "-6", "tmx": "6"}, {"mode": "A02", "tmEf": "2025-02-10 12:00", "wf": "\ub9d1\uc74c", "tmn": "-6", "tmx": "6"}, {"mode": "A02", "tmEf": "2025-02-11 00:00", "wf": "\ub9d1\uc74c", "tmn": "-6", "tmx": "9"}, {"mode": "A02", "tmEf": "2025-02-11 12:00", "wf": "\uad6c\ub984\ub9ce\uc74c", "tmn": "-6", "tmx": "9"}, {"mode": "A02", "tmEf": "2025-02-12 00:00", "wf": "\ud750\ub9ac\uace0 \ube44", "tmn": "1", "tmx": "11"}, {"mode": "A02", "tmEf": "2025-02-12 12:00", "wf": "\ud750\ub9bc", "tmn": "1", "tmx": "11"}, {"mode": "A02", "tmEf": "2025-02-13 00:00", "wf": "\uad6c\ub984\ub9ce\uc74c", "tmn": "-3", "tmx": "8"}, {"mode": "A02", "tmEf": "2025-02-13 12:00", "wf": "\ub9d1\uc74c", "tmn": "-3", "tmx": "8"}, {"mode": "A01", "tmEf": "2025-02-14 00:00", "wf": "\ub9d1\uc74c", "tmn": "-3", "tmx": "10"}, {"mode": "A01", "tmEf": "2025-02-15 00:00", "wf": "\ub9d1\uc74c", "tmn": "-3", "tmx": "10"}, {"mode": "A01", "tmEf": "2025-02-16 00:00", "wf": "\ub9d1\uc74c", "tmn": "-4", "tmx": "8"}]}, {"province": "\ubd80\uc0b0\u318d\uc6b8\uc0b0\u318d\uacbd\uc0c1\ub0a8\ub3c4", "city": "\uac70\ucc3d", "datas": [{"mode": "A02", "tmEf": "2025-02-10 00:00", "wf": "\ub9d1\uc74c", "tmn": "-9", "tmx": "3"}, {"mode": "A02", "tmEf": "2025-02-10 12:00", "wf": "\ub9d1\uc74c", "tmn": "-9", "tmx": "3"}, {"mode": "A02", "tmEf": "2025-02-11 00:00", "wf": "\ub9d1\uc74c", "tmn": "-8", "tmx": "8"}, {"mode": "A02", "tmEf": "2025-02-11 12:00", "wf": "\uad6c\ub984\ub9ce\uc74c", "tmn": "-8", "tmx": "8"}, {"mode": "A02", "tmEf": "2025-02-12 00:00", "wf": "\ud750\ub9ac\uace0 \ube44", "tmn": "0", "tmx": "9"}, {"mode": "A02", "tmEf": "2025-02-12 12:00", "wf": "\ud750\ub9bc", "tmn": "0", "tmx": "9"}, {"mode": "A02", "tmEf": "2025-02-13 00:00", "wf": "\uad6c\ub984\ub9ce\uc74c", "tmn": "-4", "tmx": "5"}, {"mode": "A02", "tmEf": "2025-02-13 12:00", "wf": "\ub9d1\uc74c", "tmn": "-4", "tmx": "5"}, {"mode": "A01", "tmEf": "2025-02-14 00:00", "wf": "\ub9d1\uc74c", "tmn": "-4", "tmx": "7"}, {"mode": "A01", "tmEf": "2025-02-15 00:00", "wf": "\ub9d1\uc74c", "tmn": "-4", "tmx": "7"}, {"mode": "A01", "tmEf": "2025-02-16 00:00", "wf": "\ub9d1\uc74c", "tmn": "-5", "tmx": "7"}]}, {"province": "\ubd80\uc0b0\u318d\uc6b8\uc0b0\u318d\uacbd\uc0c1\ub0a8\ub3c4", "city": "\ud1b5\uc601", "datas": [{"mode": "A02", "tmEf": "2025-02-10 00:00", "wf": "\ub9d1\uc74c", "tmn": "-4", "tmx": "5"}, {"mode": "A02", "tmEf": "2025-02-10 12:00", "wf": "\ub9d1\uc74c", "tmn": "-4", "tmx": "5"}, {"mode": "A02", "tmEf": "2025-02-11 00:00", "wf": "\ub9d1\uc74c", "tmn": "-1", "tmx": "9"}, {"mode": "A02", "tmEf": "2025-02-11 12:00", "wf": "\uad6c\ub984\ub9ce\uc74c", "tmn": "-1", "tmx": "9"}, {"mode": "A02", "tmEf": "2025-02-12 00:00", "wf": "\ud750\ub9ac\uace0 \ube44", "tmn": "5", "tmx": "11"}, {"mode": "A02", "tmEf": "2025-02-12 12:00", "wf": "\ud750\ub9bc", "tmn": "5", "tmx": "11"}, {"mode": "A02", "tmEf": "2025-02-13 00:00", "wf": "\uad6c\ub984\ub9ce\uc74c", "tmn": "0", "tmx": "8"}, {"mode": "A02", "tmEf": "2025-02-13 12:00", "wf": "\ub9d1\uc74c", "tmn": "0", "tmx": "8"}, {"mode": "A01", "tmEf": "2025-02-14 00:00", "wf": "\ub9d1\uc74c", "tmn": "1", "tmx": "10"}, {"mode": "A01", "tmEf": "2025-02-15 00:00", "wf": "\ub9d1\uc74c", "tmn": "1", "tmx": "10"}, {"mode": "A01", "tmEf": "2025-02-16 00:00", "wf": "\ub9d1\uc74c", "tmn": "0", "tmx": "8"}]}, {"province": "\ub300\uad6c\u318d\uacbd\uc0c1\ubd81\ub3c4", "city": "\ub300\uad6c", "datas": [{"mode": "A02", "tmEf": "2025-02-10 00:00", "wf": "\ub9d1\uc74c", "tmn": "-6", "tmx": "5"}, {"mode": "A02", "tmEf": "2025-02-10 12:00", "wf": "\ub9d1\uc74c", "tmn": "-6", "tmx": "5"}, {"mode": "A02", "tmEf": "2025-02-11 00:00", "wf": "\ub9d1\uc74c", "tmn": "-5", "tmx": "9"}, {"mode": "A02", "tmEf": "2025-02-11 12:00", "wf": "\uad6c\ub984\ub9ce\uc74c", "tmn": "-5", "tmx": "9"}, {"mode": "A02", "tmEf": "2025-02-12 00:00", "wf": "\ud750\ub9ac\uace0 \ube44", "tmn": "1", "tmx": "9"}, {"mode": "A02", "tmEf": "2025-02-12 12:00", "wf": "\ud750\ub9bc", "tmn": "1", "tmx": "9"}, {"mode": "A02", "tmEf": "2025-02-13 00:00", "wf": "\ub9d1\uc74c", "tmn": "-1", "tmx": "7"}, {"mode": "A02", "tmEf": "2025-02-13 12:00", "wf": "\ub9d1\uc74c", "tmn": "-1", "tmx": "7"}, {"mode": "A01", "tmEf": "2025-02-14 00:00", "wf": "\ub9d1\uc74c", "tmn": "-2", "tmx": "9"}, {"mode": "A01", "tmEf": "2025-02-15 00:00", "wf": "\ub9d1\uc74c", "tmn": "-2", "tmx": "9"}, {"mode": "A01", "tmEf": "2025-02-16 00:00", "wf": "\ub9d1\uc74c", "tmn": "-2", "tmx": "9"}]}, {"province": "\ub300\uad6c\u318d\uacbd\uc0c1\ubd81\ub3c4", "city": "\uc548\ub3d9", "datas": [{"mode": "A02", "tmEf": "2025-02-10 00:00", "wf": "\ub9d1\uc74c", "tmn": "-10", "tmx": "3"}, {"mode": "A02", "tmEf": "2025-02-10 12:00", "wf": "\ub9d1\uc74c", "tmn": "-10", "tmx": "3"}, {"mode": "A02", "tmEf": "2025-02-11 00:00", "wf": "\ub9d1\uc74c", "tmn": "-9", "tmx": "7"}, {"mode": "A02", "tmEf": "2025-02-11 12:00", "wf": "\uad6c\ub984\ub9ce\uc74c", "tmn": "-9", "tmx": "7"}, {"mode": "A02", "tmEf": "2025-02-12 00:00", "wf": "\ud750\ub9ac\uace0 \ube44", "tmn": "-1", "tmx": "8"}, {"mode": "A02", "tmEf": "2025-02-12 12:00", "wf": "\ud750\ub9bc", "tmn": "-1", "tmx": "8"}, {"mode": "A02", "tmEf": "2025-02-13 00:00", "wf": "\ub9d1\uc74c", "tmn": "-4", "tmx": "6"}, {"mode": "A02", "tmEf": "2025-02-13 12:00", "wf": "\ub9d1\uc74c", "tmn": "-4", "tmx": "6"}, {"mode": "A01", "tmEf": "2025-02-14 00:00", "wf": "\ub9d1\uc74c", "tmn": "-5", "tmx": "7"}, {"mode": "A01", "tmEf": "2025-02-15 00:00", "wf": "\ub9d1\uc74c", "tmn": "-5", "tmx": "7"}, {"mode": "A01", "tmEf": "2025-02-16 00:00", "wf": "\ub9d1\uc74c", "tmn": "-4", "tmx": "7"}]}, {"province": "\ub300\uad6c\u318d\uacbd\uc0c1\ubd81\ub3c4", "city": "\ud3ec\ud56d", "datas": [{"mode": "A02", "tmEf": "2025-02-10 00:00", "wf": "\ub9d1\uc74c", "tmn": "-5", "tmx": "5"}, {"mode": "A02", "tmEf": "2025-02-10 12:00", "wf": "\ub9d1\uc74c", "tmn": "-5", "tmx": "5"}, {"mode": "A02", "tmEf": "2025-02-11 00:00", "wf": "\ub9d1\uc74c", "tmn": "-2", "tmx": "10"}, {"mode": "A02", "tmEf": "2025-02-11 12:00", "wf": "\uad6c\ub984\ub9ce\uc74c", "tmn": "-2", "tmx": "10"}, {"mode": "A02", "tmEf": "2025-02-12 00:00", "wf": "\ud750\ub9ac\uace0 \ube44", "tmn": "3", "tmx": "10"}, {"mode": "A02", "tmEf": "2025-02-12 12:00", "wf": "\ud750\ub9bc", "tmn": "3", "tmx": "10"}, {"mode": "A02", "tmEf": "2025-02-13 00:00", "wf": "\ub9d1\uc74c", "tmn": "0", "tmx": "8"}, {"mode": "A02", "tmEf": "2025-02-13 12:00", "wf": "\ub9d1\uc74c", "tmn": "0", "tmx": "8"}, {"mode": "A01", "tmEf": "2025-02-14 00:00", "wf": "\ub9d1\uc74c", "tmn": "1", "tmx": "10"}, {"mode": "A01", "tmEf": "2025-02-15 00:00", "wf": "\ub9d1\uc74c", "tmn": "1", "tmx": "10"}, {"mode": "A01", "tmEf": "2025-02-16 00:00", "wf": "\ub9d1\uc74c", "tmn": "0", "tmx": "10"}]}, {"province": "\ub300\uad6c\u318d\uacbd\uc0c1\ubd81\ub3c4", "city": "\uacbd\uc8fc", "datas": [{"mode": "A02", "tmEf": "2025-02-10 00:00", "wf": "\ub9d1\uc74c", "tmn": "-6", "tmx": "5"}, {"mode": "A02", "tmEf": "2025-02-10 12:00", "wf": "\ub9d1\uc74c", "tmn": "-6", "tmx": "5"}, {"mode": "A02", "tmEf": "2025-02-11 00:00", "wf": "\ub9d1\uc74c", "tmn": "-6", "tmx": "10"}, {"mode": "A02", "tmEf": "2025-02-11 12:00", "wf": "\uad6c\ub984\ub9ce\uc74c", "tmn": "-6", "tmx": "10"}, {"mode": "A02", "tmEf": "2025-02-12 00:00", "wf": "\ud750\ub9ac\uace0 \ube44", "tmn": "2", "tmx": "10"}, {"mode": "A02", "tmEf": "2025-02-12 12:00", "wf": "\ud750\ub9bc", "tmn": "2", "tmx": "10"}, {"mode": "A02", "tmEf": "2025-02-13 00:00", "wf": "\ub9d1\uc74c", "tmn": "-2", "tmx": "7"}, {"mode": "A02", "tmEf": "2025-02-13 12:00", "wf": "\ub9d1\uc74c", "tmn": "-2", "tmx": "7"}, {"mode": "A01", "tmEf": "2025-02-14 00:00", "wf": "\ub9d1\uc74c", "tmn": "-2", "tmx": "9"}, {"mode": "A01", "tmEf": "2025-02-15 00:00", "wf": "\ub9d1\uc74c", "tmn": "-2", "tmx": "9"}, {"mode": "A01", "tmEf": "2025-02-16 00:00", "wf": "\ub9d1\uc74c", "tmn": "-3", "tmx": "9"}]}, {"province": "\ub300\uad6c\u318d\uacbd\uc0c1\ubd81\ub3c4", "city": "\uc6b8\uc9c4", "datas": [{"mode": "A02", "tmEf": "2025-02-10 00:00", "wf": "\ub9d1\uc74c", "tmn": "-5", "tmx": "5"}, {"mode": "A02", "tmEf": "2025-02-10 12:00", "wf": "\ub9d1\uc74c", "tmn": "-5", "tmx": "5"}, {"mode": "A02", "tmEf": "2025-02-11 00:00", "wf": "\ub9d1\uc74c", "tmn": "-3", "tmx": "9"}, {"mode": "A02", "tmEf": "2025-02-11 12:00", "wf": "\uad6c\ub984\ub9ce\uc74c", "tmn": "-3", "tmx": "9"}, {"mode": "A02", "tmEf": "2025-02-12 00:00", "wf": "\ud750\ub9ac\uace0 \ube44", "tmn": "1", "tmx": "9"}, {"mode": "A02", "tmEf": "2025-02-12 12:00", "wf": "\ud750\ub9bc", "tmn": "1", "tmx": "9"}, {"mode": "A02", "tmEf": "2025-02-13 00:00", "wf": "\ub9d1\uc74c", "tmn": "-1", "tmx": "8"}, {"mode": "A02", "tmEf": "2025-02-13 12:00", "wf": "\ub9d1\uc74c", "tmn": "-1", "tmx": "8"}, {"mode": "A01", "tmEf": "2025-02-14 00:00", "wf": "\ub9d1\uc74c", "tmn": "-1", "tmx": "9"}, {"mode": "A01", "tmEf": "2025-02-15 00:00", "wf": "\ub9d1\uc74c", "tmn": "-1", "tmx": "9"}, {"mode": "A01", "tmEf": "2025-02-16 00:00", "wf": "\ub9d1\uc74c", "tmn": "0", "tmx": "8"}]}, {"province": "\ub300\uad6c\u318d\uacbd\uc0c1\ubd81\ub3c4", "city": "\uc6b8\ub989\ub3c4", "datas": [{"mode": "A02", "tmEf": "2025-02-10 00:00", "wf": "\ub9d1\uc74c", "tmn": "-1", "tmx": "3"}, {"mode": "A02", "tmEf": "2025-02-10 12:00", "wf": "\ub9d1\uc74c", "tmn": "-1", "tmx": "3"}, {"mode": "A02", "tmEf": "2025-02-11 00:00", "wf": "\ub9d1\uc74c", "tmn": "1", "tmx": "7"}, {"mode": "A02", "tmEf": "2025-02-11 12:00", "wf": "\uad6c\ub984\ub9ce\uc74c", "tmn": "1", "tmx": "7"}, {"mode": "A02", "tmEf": "2025-02-12 00:00", "wf": "\ud750\ub9ac\uace0 \ube44", "tmn": "4", "tmx": "8"}, {"mode": "A02", "tmEf": "2025-02-12 12:00", "wf": "\ud750\ub9bc", "tmn": "4", "tmx": "8"}, {"mode": "A02", "tmEf": "2025-02-13 00:00", "wf": "\ub9d1\uc74c", "tmn": "2", "tmx": "5"}, {"mode": "A02", "tmEf": "2025-02-13 12:00", "wf": "\ub9d1\uc74c", "tmn": "2", "tmx": "5"}, {"mode": "A01", "tmEf": "2025-02-14 00:00", "wf": "\ub9d1\uc74c", "tmn": "2", "tmx": "7"}, {"mode": "A01", "tmEf": "2025-02-15 00:00", "wf": "\ub9d1\uc74c", "tmn": "2", "tmx": "7"}, {"mode": "A01", "tmEf": "2025-02-16 00:00", "wf": "\ub9d1\uc74c", "tmn": "3", "tmx": "6"}]}, {"province": "\uc81c\uc8fc\ub3c4", "city": "\uc81c\uc8fc", "datas": [{"mode": "A02", "tmEf": "2025-02-10 00:00", "wf": "\uad6c\ub984\ub9ce\uc74c", "tmn": "2", "tmx": "6"}, {"mode": "A02", "tmEf": "2025-02-10 12:00", "wf": "\uad6c\ub984\ub9ce\uc74c", "tmn": "2", "tmx": "6"}, {"mode": "A02", "tmEf": "2025-02-11 00:00", "wf": "\uad6c\ub984\ub9ce\uc74c", "tmn": "2", "tmx": "11"}, {"mode": "A02", "tmEf": "2025-02-11 12:00", "wf": "\ud750\ub9ac\uace0 \ube44", "tmn": "2", "tmx": "11"}, {"mode": "A02", "tmEf": "2025-02-12 00:00", "wf": "\ud750\ub9ac\uace0 \ube44", "tmn": "9", "tmx": "11"}, {"mode": "A02", "tmEf": "2025-02-12 12:00", "wf": "\ud750\ub9ac\uace0 \ube44", "tmn": "9", "tmx": "11"}, {"mode": "A02", "tmEf": "2025-02-13 00:00", "wf": "\ud750\ub9bc", "tmn": "5", "tmx": "8"}, {"mode": "A02", "tmEf": "2025-02-13 12:00", "wf": "\uad6c\ub984\ub9ce\uc74c", "tmn": "5", "tmx": "8"}, {"mode": "A01", "tmEf": "2025-02-14 00:00", "wf": "\uad6c\ub984\ub9ce\uc74c", "tmn": "4", "tmx": "9"}, {"mode": "A01", "tmEf": "2025-02-15 00:00", "wf": "\uad6c\ub984\ub9ce\uc74c", "tmn": "4", "tmx": "9"}, {"mode": "A01", "tmEf": "2025-02-16 00:00", "wf": "\uad6c\ub984\ub9ce\uc74c", "tmn": "5", "tmx": "10"}]}, {"province": "\uc81c\uc8fc\ub3c4", "city": "\uc11c\uadc0\ud3ec", "datas": [{"mode": "A02", "tmEf": "2025-02-10 00:00", "wf": "\uad6c\ub984\ub9ce\uc74c", "tmn": "1", "tmx": "8"}, {"mode": "A02", "tmEf": "2025-02-10 12:00", "wf": "\uad6c\ub984\ub9ce\uc74c", "tmn": "1", "tmx": "8"}, {"mode": "A02", "tmEf": "2025-02-11 00:00", "wf": "\uad6c\ub984\ub9ce\uc74c", "tmn": "3", "tmx": "13"}, {"mode": "A02", "tmEf": "2025-02-11 12:00", "wf": "\ud750\ub9ac\uace0 \ube44", "tmn": "3", "tmx": "13"}, {"mode": "A02", "tmEf": "2025-02-12 00:00", "wf": "\ud750\ub9ac\uace0 \ube44", "tmn": "11", "tmx": "14"}, {"mode": "A02", "tmEf": "2025-02-12 12:00", "wf": "\ud750\ub9ac\uace0 \ube44", "tmn": "11", "tmx": "14"}, {"mode": "A02", "tmEf": "2025-02-13 00:00", "wf": "\ud750\ub9bc", "tmn": "4", "tmx": "10"}, {"mode": "A02", "tmEf": "2025-02-13 12:00", "wf": "\uad6c\ub984\ub9ce\uc74c", "tmn": "4", "tmx": "10"}, {"mode": "A01", "tmEf": "2025-02-14 00:00", "wf": "\uad6c\ub984\ub9ce\uc74c", "tmn": "4", "tmx": "12"}, {"mode": "A01", "tmEf": "2025-02-15 00:00", "wf": "\uad6c\ub984\ub9ce\uc74c", "tmn": "4", "tmx": "12"}, {"mode": "A01", "tmEf": "2025-02-16 00:00", "wf": "\uad6c\ub984\ub9ce\uc74c", "tmn": "5", "tmx": "12"}]}]